datetime,content,title
2025-04-30 16:10:15,【投资日历：5月资本市场大事提醒】,投资日历：5月资本市场大事提醒
2025-04-30 07:37:51,"【投资日历：周三资本市场大事提醒】
①今日暂无新股申购。
②国务院台湾事务办公室定于4月30日上午10:00举行例行新闻发布会。
③OpenAI：GPT-4将于4月30日从ChatGPT中“退役”，被GPT-4o完全取代。
④世界黄金协会发布第一季度《黄金需求趋势》报告。
⑤国内成品油将开启新一轮调价窗口。
⑥所有板块年报、一季度披露截止日。
⑦因劳动节前夕，国内期货市场今日无夜盘交易。
⑧今日有1080亿元7天期逆回购到期。
⑨今日将公布中国4月官方制造业PMI等数据。",投资日历：周三资本市场大事提醒
2025-04-30 07:14:27,"【周三（4月30日）重点关注财经事件和经济数据】
①09:30 中国4月官方制造业PMI；
②09:30 澳大利亚第一季度CPI年率、3月加权CPI年率；
③09:45 中国4月财新制造业PMI；
④13:30 法国第一季度GDP年率初值；
⑤14:00 英国4月Nationwide房价指数月率；
⑥14:45 法国4月CPI月率初值；
⑦15:55 德国4月季调后失业人数及失业率；
⑧16:00 德国第一季度未季调GDP年率初值、瑞士4月ZEW投资者信心指数；
⑨17:00 欧元区第一季度GDP年率初值；
⑩20:00 德国4月CPI月率初值；
⑪20:15 美国4月ADP就业人数；
⑫20:30 美国第一季度GDP及PCE年化季率，第一季度劳工成本指数季率，美国财政部公布季度再融资声明；加拿大2月GDP月率；
⑬21:45 美国4月芝加哥PMI。",周三（4月30日）重点关注财经事件和经济数据
2025-04-29 08:02:31,"【投资日历：周二资本市场大事提醒】
①今日暂无新股申购。
②第八届数字中国建设峰会将于4月29日至30日举办。
③Meta宣布将于4月29日举行首届LlamaCon——专门面向生成式人工智能的开发者大会。
④2025年中央金融机构注资特别国债将在4月29日起上市交易。
⑤蔚来公司旗下智能电动车firefly萤火虫将在4月29日开启交付。
⑥今日，日股休市一日。
⑦今日上汽集团、隆基绿能、春秋航空、伊利集团、山西汾酒等股将披露年报。
⑧今日贵州茅台、招商银行、美的集团、中信证券、赛力斯等股将披露一季报。
⑨今日有2205亿元7天期逆回购到期。
⑩今日将公布欧元区4月经济景气指数等数据。",投资日历：周二资本市场大事提醒
2025-04-29 07:13:22,"【周二（4月29日）重点关注财经事件和经济数据】
①14:00 德国5月Gfk消费者信心指数；
②17:00 欧元区4月工业景气指数、4月经济景气指数；
③20:00 美国财长贝森特参加发布会；
④20:30 美国财长贝森特发表讲话；
⑤21:00 美国2月FHFA房价指数月率、2月S&P/CS20座大城市未季调房价指数年率；
⑥22:00 美国3月JOLTs职位空缺、4月谘商会消费者信心指数；
⑦次日04:30 美国至4月25日当周API原油库存。",周二（4月29日）重点关注财经事件和经济数据
2025-04-28 13:35:37,【预告：2025年贸易投资促进峰会将于5月22日举办】财联社4月28日电，中国贸促会4月28日举行4月例行新闻发布会，发言人赵萍回答记者提问。 赵萍宣布，经国务院批准，今年的贸易投资促进峰会将于5月22日在北京钓鱼台国宾馆举办。本届峰会主题新，主题为“拥抱数智时代，携手共同发展”；议题热，将设置开幕式、全体会议以及3场平行论坛，全体会议议题为“数智赋能，共建更加安全稳定开放合作的全球产业链供应链”，平行论坛将围绕“数智驱动，营造开放公平的创新生态”“数智时代的全球贸易投资合作”等议题深入探讨；成果实，峰会还将发布《2025年全球贸易投资促进峰会北京倡议》，倡议全球工商界携手探索新形式新领域合作，推动实现更加强劲、绿色、健康的全球发展。“欢迎各位媒体朋友届时关注和报道。”赵萍说。,预告：2025年贸易投资促进峰会将于5月22日举办
2025-04-28 07:48:40,"【投资日历：周一资本市场大事提醒】
①今日共有2只新股申购，为创业板的泽润新能（301636）、北交所的天工股份（920068）。
②中国贸促会将于4月28日上午10:00-11:00召开4月例行新闻发布会。
③华为官微：2025创新数据基础设施论坛将于4月28日至29日在德国慕尼黑举行。
④第八届数字中国建设峰会现场体验区将于4月28日至5月4日亮相福州海峡国际会展中心。
⑤北京香山论坛先导会将于4月28日至30日在北京举行。
⑥中国气象局将于4月28日召开2025年5月新闻发布会，发布4月全国天气气候特征、“五一”假期天气和5月气候趋势预测及气象服务提示；《防雷减灾管理办法》解读。
⑦今日海天味业、山东黄金、药明康德等股将披露一季报。
⑧今日百济神州、迈瑞医疗、老凤祥等股将披露年报。
⑨今日有1760亿元7天期逆回购到期。
⑩今日将公布美国4月达拉斯联储商业活动指数等数据。",投资日历：周一资本市场大事提醒
2025-04-28 07:05:02,"【周一（4月28日）重点关注财经事件和经济数据】
①待定 加拿大举行联邦选举；
②10:00 国新办举行新闻发布会，介绍稳就业稳经济推动高质量发展政策措施有关情况；
③18:00 英国4月CBI零售销售差值；
④22:30 美国4月达拉斯联储商业活动指数。",周一（4月28日）重点关注财经事件和经济数据
2025-04-27 19:10:45,【预告：国新办4月28日举行新闻发布会 介绍稳就业稳经济推动高质量发展政策措施有关情况】财联社4月27日电，国务院新闻办公室定于2025年4月28日（星期一）上午10时举行新闻发布会，请国家发展改革委副主任赵辰昕、人力资源社会保障部副部长俞家栋、商务部副部长盛秋平、中国人民银行副行长邹澜介绍稳就业稳经济推动高质量发展政策措施有关情况，并答记者问。,预告：国新办4月28日举行新闻发布会 介绍稳就业稳经济推动高质量发展政策措施有关情况
2025-04-27 14:04:55,【预告：第八届数字中国建设峰会电子政务分论坛4月29日召开】财联社4月27日电，第八届数字中国建设峰会电子政务分论坛，定于2025年4月29日14:30在福建省福州市海峡国际会展中心109会议室召开。作为第八届数字中国建设峰会的重要组成部分，本届电子政务分论坛主题为“‘指尖’减负 数字赋能”，邀请相关部委、地方政府、知名企业家、专家学者和基层代表出席，分享电子政务建设成果，安全稳妥有序推进人工智能大模型在政务领域应用，助力基层减负增效。,预告：第八届数字中国建设峰会电子政务分论坛4月29日召开
2025-04-25 13:27:00,【预告：国务院台湾事务办公室定于4月30日上午10:00举行例行新闻发布会】财联社4月25日电，国务院台湾事务办公室定于2025年4月30日上午10:00在国台办新闻发布厅（广安门南街6-1号广安大厦中门四层）举行例行新闻发布会，发言人就近期两岸热点问题回答记者提问。,预告：国务院台湾事务办公室定于4月30日上午10:00举行例行新闻发布会
2025-04-25 10:00:39,【预告：中国气象局将于4月28日15:00召开2025年5月新闻发布会】财联社4月25日电，中国气象局4月28日（周一）15:00，在中国气象局气象科技大楼一楼多功能厅召开5月新闻发布会。发布4月全国天气气候特征、“五一”假期天气和5月气候趋势预测及气象服务提示；《防雷减灾管理办法》解读，并答记者问。,预告：中国气象局将于4月28日15:00召开2025年5月新闻发布会
2025-04-25 07:40:21,"【投资日历：周五资本市场大事提醒】
①今日共有1只新股上市，为创业板的众捷汽车（301560）。
②民航局定于4月25日举行4月新闻发布会，介绍一季度及三月民航安全生产情况、“五一”假期民航运输保障安排、2025民航服务提振消费年活动相关安排等。
③国新办4月25日就《中国打击侵权假冒工作年度报告（2024）》有关情况举行发布会。
④2025中国人形机器人生态大会将于4月25日至26日在上海举办。
⑤美国癌症研究协会（AACR）年会将于4月25日至30日在美国芝加哥举办。
⑥Create2025百度AI开发者大会将于4月25日在武汉举办。
⑦第十一届四川国际旅游交易博览会将于4月25日至27日在乐山峨眉山市举行。
⑧服饰类电商平台希音和拼多多旗下的跨境电商平台Temu将从4月25日起进行价格调整。
⑨今日五粮液、立讯精密、片仔癀等股将披露年报。
⑩今日比亚迪、中国神华、东方财富等股将披露一季报。
⑪今日有2505亿元7天期逆回购到期。
⑫今日将公布美国4月密歇根大学消费者信心指数等数据。",投资日历：周五资本市场大事提醒
2025-04-24 07:36:19,"【投资日历：周四资本市场大事提醒】
①今日共有2只新股上市，为深主板的江顺科技（001400）、沪主板的天有为（603202）。
②国新办将于4月24日上午10时举行新闻发布会，介绍2024年中国知识产权强国建设有关情况。
③商务部4月24日召开4月第4次例行新闻发布会，介绍近期商务领域重点工作有关情况。
④首届具身智能机器人运动会将于4月24日至26日在无锡举办。
⑤谷歌将于美东时间4月24日美股盘后（北京时间次日凌晨）公布财报。
⑥今日爱尔眼科、正邦科技、拓维信息等股将披露年报。
⑦今日恒瑞医药、牧原股份、同花顺等股将披露一季报。
⑧今日有2455亿元7天期逆回购到期。
⑨今日将公布美国当周初请失业金人数等数据。",投资日历：周四资本市场大事提醒
2025-04-23 10:35:25,【预告：中国人民银行将于4月23日15:00举行新闻发布会 介绍《上海国际金融中心进一步提升跨境金融服务便利化行动方案》有关情况】财联社4月23日电，中国人民银行将于4月23日15:00举行新闻发布会，介绍《上海国际金融中心进一步提升跨境金融服务便利化行动方案》有关情况。,预告：中国人民银行将于4月23日15:00举行新闻发布会 介绍《上海国际金融中心进一步提升跨境金融服务便利化行动方案》有关情况
2025-04-23 10:17:25,【预告：交通运输部定于4月24日上午10点就2025年一季度交通运输经济运行情况举行发布会】财联社4月23日电，交通运输部定于2025年4月24日（周四）上午10点举行例行新闻发布会，介绍今年交通重大工程重大项目谋划、五一假期交通运输服务保障举措等，并回答记者提问。,预告：交通运输部定于4月24日上午10点就2025年一季度交通运输经济运行情况举行发布会
2025-04-23 07:55:51,"【投资日历：周三资本市场大事提醒】
①今日暂无新股申购。
②第二十一届上海国际汽车工业展览会(2025上海车展)将于4月23日至5月2日举办。
③2025成都国际工业博览会将于4月23日至25日举办。
④2025年中国航天大会将于4月23日至26日在上海召开。
⑤ASML 2025年度股东大会将于4月23日举行。
⑥第三届九峰山论坛(JFSC)暨化合物半导体产业博览会(CSE)将于4月23日至25日在武汉举办。
⑦宁德时代巧克力换电新车型将于4月23日在上海车展正式发布。
⑧今日金山办公、盐湖股份、德赛西威等股将披露一季报。
⑨今日温氏股份、传音控股、润泽科技等股将披露年报。
⑩今日有1045亿元7天期逆回购到期。
⑪今日将公布美国当周EIA原油库存等数据。",投资日历：周三资本市场大事提醒
2025-04-22 14:07:10,【预告：国新办4月25日就《中国打击侵权假冒工作年度报告（2024）》有关情况举行发布会】财联社4月22日电，国务院新闻办公室定于2025年4月25日（星期五）上午10时举行新闻发布会，市场监管总局副局长白清元介绍《中国打击侵权假冒工作年度报告（2024）》有关情况，并答记者问。,预告：国新办4月25日就《中国打击侵权假冒工作年度报告（2024）》有关情况举行发布会
2025-04-22 11:34:42,【预告：国新办将于4月25日上午10时举行新闻发布会 介绍《中国打击侵权假冒工作年度报告（2024）》有关情况】财联社4月22日电，国务院新闻办公室将于2025年4月25日（星期五）上午10时举行新闻发布会，请市场监管总局副局长白清元介绍《中国打击侵权假冒工作年度报告（2024）》有关情况，并答记者问。,预告：国新办将于4月25日上午10时举行新闻发布会 介绍《中国打击侵权假冒工作年度报告（2024）》有关情况
2025-04-22 07:52:53,"【投资日历：周二资本市场大事提醒】
①今日暂无新股申购。
②华为乾崑智能技术大会将于4月22日在上海举办，多家车企官宣出席本次大会。
③华为数字能源官微：华为兆瓦超充新品将于4月22日正式发布。
④第三十三届NEPCON China 2025中国国际电子生产设备暨微电子工业展将于4月22日至24日在上海举办。
⑤2025全球汽车领袖闭门峰会将于4月22日在上海举办。
⑥第31届中国国际广播电视信息网络展览会(CCBN2025)将于4月23日至25日在北京举办，开幕式暨主题报告会定于4月22日。
⑦2025北京书市将于4月22日至5月5日开启，首设北京城市副中心分展场。
⑧腾讯SPARK2025腾讯游戏发布会将于4月22日晚8点召开。
⑨今日瑞芯微、紫光国微、长盛轴承等股将披露年报。
⑩今日中国移动、中兴通讯、新易盛等股将披露一季报。
⑪今日有1645亿元7天期逆回购到期。
⑫今日将公布欧元区4月消费者信心指数等数据。",投资日历：周二资本市场大事提醒
2025-04-21 13:30:12,【预告：商务部4月24日召开4月第4次例行新闻发布会】财联社4月21日电，商务部定于2025年4月24日(星期四)下午3时举行新闻发布会，新闻发言人介绍近期商务领域重点工作有关情况，并答记者问。,预告：商务部4月24日召开4月第4次例行新闻发布会
2025-04-21 13:00:24,【预告：国新办将于4月24日上午10时举行新闻发布会 介绍2024年中国知识产权强国建设有关情况】财联社4月21日电，国务院新闻办公室将于2025年4月24日（星期四）上午10时举行新闻发布会，请国家知识产权局局长申长雨介绍2024年中国知识产权强国建设有关情况，并答记者问。,预告：国新办将于4月24日上午10时举行新闻发布会 介绍2024年中国知识产权强国建设有关情况
2025-04-21 07:43:34,"【投资日历：周一资本市场大事提醒】
①今日暂无新股申购。
②国新办将于4月21日举行新闻发布会，介绍《加快推进服务业扩大开放综合试点工作方案》有关情况。
③上交所、中证指数变更科创50指数成交金额（量）计算方式。
④2025中国固态电池技术与应用交流大会将于4月21日至23日在安徽举办。
⑤宁德时代超级科技日宣布将于4月21日在上海举行，主题为“边界觉醒”。
⑥vivo：旗下X系列春季新品发布会将于4月21日举办。
⑦今日港股休市一日，南、北向交易关闭。
⑧今日科大讯飞、歌尔股份、海光信息等股将披露一季报。
⑨今日京东方A、润和软件、吉祥航空等股将披露年报。
⑩今日将公布中国4月一年期、五年期LPR等数据。",投资日历：周一资本市场大事提醒
2025-04-18 07:50:31,"【投资日历：周五资本市场大事提醒】
①今日暂无新股申购。
②国新办4月18日就2025年一季度工业和信息化发展情况举行新闻发布会。
③2025全球机器学习技术大会将于4月18日至19日在上海举办。
④2025腾讯云城市峰会·成都峰会将于4月18日举办。
⑤第十五届北京国际电影节将于4月18日至26日举办。
⑥2025年度聚变堆真空设备及器件产业发展会议将于4月18日在安徽合肥举行。
⑦4月18日，美股、港股休市一日，南、北向交易关闭。
⑧今日寒武纪、北方稀土、农发种业等股将披露年报。
⑨今日海康威视、西安饮食、平安银行等股将披露一季报。
⑩今日有285亿元7天期逆回购到期。
⑪今日将公布日本3月CPI等数据。",投资日历：周五资本市场大事提醒
2025-04-18 06:31:22,"【周五（4月18日）重点关注财经事件和经济数据】
① 待定 20国集团财长和央行行长会议举行
② 07:30 日本3月核心CPI年率",周五（4月18日）重点关注财经事件和经济数据
2025-04-17 10:54:36,【预告：国新办将举行新闻发布会 介绍《加快推进服务业扩大开放综合试点工作方案》有关情况】财联社4月17日电，国务院新闻办公室将于4月21日（星期一）下午3时举行新闻发布会，请商务部副部长兼国际贸易谈判副代表凌激和工业和信息化部、国家卫生健康委、中国人民银行有关负责人介绍《加快推进服务业扩大开放综合试点工作方案》有关情况，并答记者问。,预告：国新办将举行新闻发布会 介绍《加快推进服务业扩大开放综合试点工作方案》有关情况
2025-04-17 07:41:27,"【投资日历：周四资本市场大事提醒】
①今日共有1只新股上市，为创业板的宏工科技（301662）。
②商务部定于4月17日举行新闻发布会，介绍近期商务领域重点工作有关情况。
③鸿蒙智行智界品牌之夜将于4月17日举办。
④字节跳动宣布其最新思考模型Seed-Thinking-v1.5将于4月17日通过火山引擎开放接口供用户体验。
⑤2025电力设备管理大会将于4月17日至18日在杭州举办。
⑥中国城镇供水排水协会2025年会暨城镇水务技术与产品展将于4月17日至19日在杭州举办。
⑦欧洲央行公布利率决议。
⑧台积电将于4月17日美股盘前发布2025年第一季度业绩。
⑨今日中微公司、亿纬锂能、华测导航等股将披露年报。
⑩今日中国联通、福耀玻璃、明月镜片等股将披露一季报。
⑪今日有659亿元7天期逆回购到期。
⑫今日将公布美国当周初请失业金人数等数据。",投资日历：周四资本市场大事提醒
2025-04-17 06:34:02,"【周四（4月17日）重点关注财经事件和经济数据】
① 07:00 美联储施密德和洛根进行炉边谈话
② 09:00 中国3月Swift人民币在全球支付中占比
③ 09:30 澳大利亚3月季调后失业率
④ 14:00 德国3月PPI月率，瑞士3月贸易帐
⑤ 20:15 欧洲央行公布利率决议
⑥ 20:30 美国至4月12日当周初请失业金人数
⑦ 20:30 美国3月新屋开工总数年化，美国3月营建许可总数，美国4月费城联储制造业指数
⑧ 22:30 美国至4月11日当周EIA天然气库存 
⑨ 23:45 美联储理事巴尔发表讲话
⑩ 次日01:00 美国至4月18日当周石油钻井总数",周四（4月17日）重点关注财经事件和经济数据
2025-04-16 19:22:52,【预告：华为开发者大会HDC·2025定档6月20-22日召开】财联社4月16日电，华为开发者大会HDC·2025定档6月20-22日召开，根据华为发布的邀请函显示，这次大会可以深度体验HarmonyOS最新版本的设计。此外，鸿蒙PC版也可能会在此次大会亮相。,预告：华为开发者大会HDC·2025定档6月20-22日召开
2025-04-16 07:55:53,"【投资日历：周三资本市场大事提醒】
①今日共有1只新股上市，为沪主板的肯特催化（603120）。
②国务院新闻办公室将于4月16日举行新闻发布会，介绍2025年一季度国民经济运行情况。
③国家统计局4月16日将发布商品住宅销售价格指数月度报告。
④农业农村部4月16日就中国加入《关于预防、制止和消除非法、不报告、不管制捕鱼的港口国措施协定》和全球打击非法捕捞制度体系相关情况举行发布会。
⑤应急管理部定于4月16日举行季度例行新闻发布会，通报一季度全国安全生产和自然灾害情况。
⑥CLNB2025新能源全产业链博览会将于4月16日至18日在苏州举办。
⑦2025中国半导体封测大会将于4月16日在无锡举办。
⑧2025国际气体工业博览会（2025气博会）将于4月16日至18日在无锡举办。
⑨第24届中国国际染料工业及有机颜料、纺织化学品展览会将于4月16日至18日在上海举办。
⑩鸿蒙智行新品发布将于4月16日举行。
⑪今日川大智胜、青岛食品、恒力石化等股将披露年报。
⑫今日欢瑞世纪、风语筑、芯朋微等股将披露一季报。
⑬今日有1189亿元7天期逆回购到期。
⑭今日将公布美国3月零售销售月率等数据。",投资日历：周三资本市场大事提醒
2025-04-16 06:32:14,"【周三（4月16日）重点关注财经事件和经济数据】
① 07:10 美联储理事丽莎·库克发表讲话
② 09:30 中国70个大中城市住宅售价月报
③ 10:00 中国第一季度GDP年率、中国3月社会消费品零售总额、中国3月规模以上工业增加值等重磅经济数据
④ 14:00 英国3月CPI月率
⑤ 16:00 欧元区2月季调后经常帐
⑥ 17:00 欧元区3月CPI年率终值
⑦ 20:00 世贸组织公布全球贸易展望报告
⑧ 20:30 美国3月零售销售月率
⑨ 21:15 美国3月工业产出月率
⑩ 21:45 加拿大央行公布利率决议
⑪ 22:00 美国4月NAHB房产市场指数，美国2月商业库存月率
⑫ 22:30 美国至4月11日当周EIA原油库存",周三（4月16日）重点关注财经事件和经济数据
2025-04-15 14:58:56,【预告：国新办4月18日就2025年一季度工业和信息化发展情况举行新闻发布会】财联社4月15日电，国务院新闻办公室定于2025年4月18日（星期五）上午10时举行一季度有关经济数据例行新闻发布会，请工业和信息化部总工程师谢少锋介绍2025年一季度工业和信息化发展情况，并答记者问。,预告：国新办4月18日就2025年一季度工业和信息化发展情况举行新闻发布会
2025-04-15 09:49:41,【预告：应急管理部定于4月16日上午10时举行季度例行新闻发布会 通报一季度全国安全生产和自然灾害情况】财联社4月15日电，应急管理部定于4月16日（星期三）上午10时举行季度例行新闻发布会，通报一季度全国安全生产和自然灾害情况，解读《国家突发事件总体应急预案》，介绍安全生产有关重点工作进展，回答媒体关注问题。应急管理部新闻发言人、新闻宣传司司长申展利主持，救援协调和预案管理局局长范朝晖、安全生产综合协调司司长汪崇鲜、危险化学品安全监督管理一司副司长刘丽出席，并答记者问。,预告：应急管理部定于4月16日上午10时举行季度例行新闻发布会 通报一季度全国安全生产和自然灾害情况
2025-04-15 07:37:00,"【投资日历：周二资本市场大事提醒】
①今日共有2只新股申购，为深主板的江顺科技（001400）、创业板的众捷汽车（301560）；1只新股上市，为深主板的信凯科技（001335）。
②国家主席习近平将于4月15日至18日对马来西亚、柬埔寨进行国事访问。
③第137届中国进出口商品交易会(广交会)将于4月15日至5月5日在广东省广州市举行。
④第三届新能源汽车创新技术及行业发展论坛将于4月15日至16日在合肥举行。
⑤越南越捷航空计划于4月15日起，使用C909在越南首都河内和南部昆仑群岛之间运营四趟航班。
⑥国家移民管理局将于4月15日上午10时举行例行新闻发布会，通报2025年一季度移民管理工作主要数据及成效。
⑦IEA公布月度原油市场报告。
⑧今日正丹股份、五芳斋、韦尔股份等股将披露年报。
⑨今日千禾味业、晓鸣股份、张家界等股将披露一季报。
⑩今日有1000亿元1年期中期借贷便利（MLF）和1674亿元7天期逆回购到期。
⑪今日将公布欧元区4月ZEW经济景气指数等数据。",投资日历：周二资本市场大事提醒
2025-04-15 06:50:03,"【周二（4月15日）重点关注财经事件和经济数据】
① 07:40 美联储博斯蒂克就货币政策发表讲话
② 09:30 澳洲联储公布4月货币政策会议纪要
③ 14:00 英国3月失业率
④ 14:45 法国3月CPI月率终值
⑤ 16:00 IEA公布月度原油市场报告
⑥ 17:00 欧元区2月工业产出月率，欧元区4月ZEW经济景气指数，德国4月ZEW经济景气指数
⑦ 20:30 加拿大3月CPI月率，美国3月进口物价指数月率
⑧ 次日00:00 欧洲央行行长和欧洲理事会主席举行晚宴
⑨ 次日04:30 美国至4月11日当周API原油库存",周二（4月15日）重点关注财经事件和经济数据
2025-04-14 15:18:23,【预告：国新办4月16日举行新闻发布会 介绍2025年一季度国民经济运行情况】财联社4月14日电，国务院新闻办公室将于2025年4月16日（星期三）上午10时举行新闻发布会，请国家统计局副局长盛来运介绍2025年一季度国民经济运行情况，并答记者问。欢迎出席。,预告：国新办4月16日举行新闻发布会 介绍2025年一季度国民经济运行情况
2025-04-14 13:36:34,【预告：农业农村部4月16日就中国加入《关于预防、制止和消除非法、不报告、不管制捕鱼的港口国措施协定》和全球打击非法捕捞制度体系相关情况举行发布会】财联社4月14日电，农业农村部定于2025年4月16日（周三）上午10时，在农业农村部新闻发布厅（全国农业展览馆52号馆107室）举行新闻发布会，介绍中国加入《关于预防、制止和消除非法、不报告、不管制捕鱼的港口国措施协定》和全球打击非法捕捞制度体系相关情况，并回答记者提问。,预告：农业农村部4月16日就中国加入《关于预防、制止和消除非法、不报告、不管制捕鱼的港口国措施协定》和全球打击非法捕捞制度体系相关情况举行发布会
2025-04-14 10:14:41,【预告：国家移民管理局将于4月15日上午10时举行例行新闻发布会】财联社4月14日电，国家移民管理局将于2025年4月15日(星期二)上午10时举行例行新闻发布会(线上)。发布会由国家移民管理局新闻发言人、政策法规司司长林勇胜通报2025年一季度移民管理工作主要数据及成效，并回答记者提问。,预告：国家移民管理局将于4月15日上午10时举行例行新闻发布会
2025-04-14 10:10:03,【预告：商务部定于4月17日下午3时召开4月第3次例行新闻发布会】财联社4月14日电，商务部定于2025年4月17日(星期四)下午3时举行新闻发布会，新闻发言人介绍近期商务领域重点工作有关情况，并答记者问。,预告：商务部定于4月17日下午3时召开4月第3次例行新闻发布会
2025-04-14 08:05:28,"【投资日历：周一资本市场大事提醒】
①今日共有1只新股申购，为沪主板的天有为（603202）。
②国务院新闻办公室将于4月14日举行一季度有关经济数据例行新闻发布会，介绍2025年一季度进出口情况。
③2025年世界互联网大会亚太峰会将于4月14日至15日在中国香港召开。
④第三届中国国际通用航空与无人机发展大会将于4月14日至16日在北京举行。
⑤华为数据通信创新峰会2025将于4月14日在摩洛哥举办。
⑥智谱将于4月14日开源推理模型GLM-Z1-Air和基座模型GLM-4-Air0414，并于近期陆续上线bigmodel.cn。
⑦欧佩克公布月度原油市场报告。
⑧今日博士眼镜、天元宠物、东方钽业等股将披露年报。
⑨今日宁德时代、九洲药业、万华化学、五洲特纸等股将披露一季报。
⑩今日有935亿元7天期逆回购到期。
⑪今日将公布美国3月纽约联储1年通胀预期等数据。",投资日历：周一资本市场大事提醒
2025-04-13 11:43:46,【预告】国务院新闻办公室将于2025年4月14日（星期一）上午10时举行一季度有关经济数据例行新闻发布会，请海关总署副署长王令浚介绍2025年一季度进出口情况，并答记者问。,预告
2025-04-11 07:36:53,"【投资日历：周五资本市场大事提醒】
①今日共有1只新股上市，为创业板的泰禾股份（301665）。
②联发科天玑开发者大会2025将于4月11日在深圳举办。
③深圳市发改委：将于4月11日举行深圳市自来水价格调整听证会。
④第14届中国医院院长大会将于4月11日至13日在上海举办。
⑤国泰君安：公司A股证券简称4月11日起变更为国泰海通。
⑥今日寒武纪、杭钢股份、中国卫星等股将披露年报。
⑦今日紫金矿业、川投能源、永安行等股将披露一季报。
⑧今日将公布美国3月PPI等数据。",投资日历：周五资本市场大事提醒
2025-04-11 06:30:51,"【周五（4月11日）重点关注财经事件和经济数据】
① 14:00 德国3月CPI月率终值，英国2月三个月GDP月率
② 15:00 瑞士3月消费者信心指数
③ 17:45 欧洲央行行长拉加德发表讲话
④ 20:30 美国3月PPI年率
⑤ 22:00 美国4月一年期通胀率预期初值，美国4月密歇根大学消费者信心指数初值
⑥ 22:00 美联储穆萨莱姆发表讲话
⑦ 23:00 美联储威廉姆斯发表讲话",周五（4月11日）重点关注财经事件和经济数据
2025-04-10 07:48:28,"【投资日历：周四资本市场大事提醒】
①今日暂无新股申购。
②商务部定于4月10日举行新闻发布会，介绍近期商务领域重点工作有关情况。
③2025全球6G技术与产业生态大会（原全球6G技术大会）将于4月10日至12日在南京召开。
④2025中国移动云智算大会将于4月10日至11日举办。
⑤长三角铁路4月10日起实施2025年第二季度列车运行图。
⑥华为云生态大会2025将于4月10日至11日举办。
⑦第十三届储能国际峰会暨展览会（ESIE2025）将于4月10日至12日在北京举办。
⑧特斯拉公司宣布将于4月10日在沙特首都利雅得举办产品发布会。
⑨鸿蒙智行“尚界”品牌拟于4月10日发布。
⑩2025商汤技术交流日将于4月10日14时举行，届时将推出主打“强推理”的全新日日新6.0 AI模型。
⑪港交所：自4月10日起修订恒生指数、小型恒生指数、恒生中国企业指数、小型恒生中国企业指数、恒生科技指数期货合约的保证金水平。
⑫西班牙首相桑切斯将于4月10日至11日访华。
⑬今日湖南黄金、华熙生物、长安汽车等股将披露年报。
⑭今日许继电气、聚灿光电、保变电气等股将披露一季报。
⑮今日有2234亿元7天期逆回购到期。
⑯今日将公布美国3月CPI、美国当周初请失业金人数等数据。",投资日历：周四资本市场大事提醒
2025-04-10 06:30:24,"【周四（4月10日）重点关注财经事件和经济数据】
① 09:30 中国3月CPI年率
② 20:30 美国3月未季调CPI年率、美国3月季调后CPI月率
③ 20:30 美联储巴尔金发表演讲并参加答问
④ 22:00 美联储施密德就经济和货币政策发表讲话
⑤ 22:30 美国至4月4日当周EIA天然气库存
⑥ 次日00:00 EIA公布月度短期能源展望报告
⑦ 次日00:00 美联储古尔斯比在纽约经济俱乐部发表讲话",周四（4月10日）重点关注财经事件和经济数据
2025-04-09 13:03:07,【预告：上海车展4月25日至5月2日举行 规模再创新高】财联社4月9日电，从第二十一届上海车展新闻发布会上获悉，本次车展将于2025年4月25日至5月2日在国家会展中心（上海）举行，展出总面积超过36万平方米，共邀请到来自26个国家和地区的近1000家中外知名企业参展，参展国别范围更广，展览规模和展出面积再创新高。整车品牌方面，海内外主流汽车品牌均会参展。,预告：上海车展4月25日至5月2日举行 规模再创新高
2025-04-09 07:35:32,"【投资日历：周三资本市场大事提醒】
①今日共有1只新股上市，为沪主板的泰鸿万立（603210）。
②中证指数公司：将于4月9日发布中证A500红利指数等3条指数。
③2025春季全国特种电子元器件展览会将于4月9日在深圳召开，同期将举办系列供需对接活动。
④2025第十三届中国电子信息博览会将于4月9日至11日在深圳举行。
⑤2025西门子数据中心生态大会将于4月9日至10日举行。
⑥谷歌将于4月9日至11日举办年度谷歌云Next活动，此次活动中，谷歌将宣布谷歌云服务的最新进展。
⑦2025金智维企业级智能体暨AI+新品发布会将于4月9日举办。
⑧欧盟成员国将于4月9日就针对美国钢铁和铝关税的反制措施进行投票表决，若表决通过，欧盟对美的两部分关税将分别于4月15日和5月15日开始征收。
⑨今日纳芯微、安琪酵母、容百科技等股将披露年报。
⑩今日绝味食品、创维数字将披露一季报。
⑪今日有2299亿元7天期逆回购到期。
⑫今日将公布美国当周EIA原油库存等数据。",投资日历：周三资本市场大事提醒
2025-04-09 06:32:55,"【周三（4月9日）重点关注财经事件和经济数据】
① 10:00 新西兰至4月9日联储利率决定
③ 14:15 日本央行行长植田和男发表讲话
④ 22:00 美国2月批发销售月率
⑤ 22:30 美国至4月4日当周EIA原油库存
⑥ 次日00:30 美联储巴尔金参加对话活动
⑦ 次日01:00 美国至4月9日10年期国债竞拍-得标利率
⑧ 次日02:00 美联储公布3月货币政策会议纪要",周三（4月9日）重点关注财经事件和经济数据
2025-04-08 23:33:01,【提醒：美国贸易代表称“对等关税”将于4月9日生效】当地时间4月8日，美国贸易代表格里尔表示，“对等关税”将于9日生效。,提醒：美国贸易代表称“对等关税”将于4月9日生效
2025-04-08 07:35:16,"【投资日历：周二资本市场大事提醒】
①今日共有1只新股申购，为创业板的宏工科技（301662）；1只新股上市，为沪主板的中国瑞林（603257）。
②第91届中国国际医疗器械（春季）博览会将于4月8日至11日在上海举办。
③第八届食品科技创新论坛暨2025大健康食品产业发展论坛将于4月8日至10日在中国上海召开。
④第八届中国国际管道会议（CIPC）暨技术装备与成果展将于4月8日至10日在北京召开。
⑤中部银发经济合作交流暨产业链接大会将于4月8日在武汉举办。
⑥环保纸产业专委会一届三次成员大会暨PHA材料纸基应用研讨会将于4月8日在上海召开。
⑦2025中国石油石化设备管理技术交流大会暨石油石化设备管理专家研讨会将于4月8日至10日在北京举办。
⑧第四届OTC大会将于4月8日至10日在浙江乌镇召开。
⑨泰国证券交易所暂时禁止股票卖空交易，4月8日至11日期间限制股票交易。
⑩印尼央行：将从4月8日开盘起积极干预国内市场，同时在二级市场购买国债。
⑪今日小熊电器、太龙药业、远东传动等股将披露年报。
⑫今日金岭矿业、光智科技等股将披露一季报。
⑬今日有649亿元7天期逆回购到期。
⑭今日将公布美国3月NFIB小型企业信心指数等数据。",投资日历：周二资本市场大事提醒
2025-04-08 06:30:56,"【周二（4月8日）重点关注财经事件和经济数据】
① 07:50 日本2月贸易帐
② 14:45 法国2月贸易帐
③ 18:00 美国3月NFIB小型企业信心指数
④ 次日00:00 EIA公布月度短期能源展望报告
⑤ 次日02:00 美联储戴利参加对话活动
⑥ 次日04:30 美国至4月4日当周API原油库存",周二（4月8日）重点关注财经事件和经济数据
2025-04-07 09:35:05,【商务部定于4月10日下午3时举行新闻发布会】财联社4月7日电，商务部定于2025年4月10日(星期四)下午3时举行新闻发布会，新闻发言人介绍近期商务领域重点工作有关情况，并答记者问。,商务部定于4月10日下午3时举行新闻发布会
2025-04-07 07:37:51,"【投资日历：周一资本市场大事提醒】
①今日共有1只新股申购，为沪主板的肯特催化（603120）。
②上汽通用五菱技术进化日官宣将于4月7日举行，将首发五菱智驾技术矩阵。
③上期所：4月8日交易（即4月7日晚夜盘）起，氧化铝期货的交易手续费调整为成交金额的万分之一，日内平今仓交易手续费调整为成交金额的万分之一。
④外卖平台户户送（Deliveroo）将于4月7日结束在香港的营运。
⑤今日剑桥科技、翱捷科技、因赛集团等股将披露年报。
⑥今日有2452亿元7天期逆回购到期。
⑦今日将公布欧元区4月Sentix投资者信心指数等数据。",投资日历：周一资本市场大事提醒
2025-04-04 07:00:06,"【周五（4月4日）重点关注财经事件和经济数据】
①13:45 瑞士3月季调后失业率；
②14:45 法国2月工业产出月率；
③20:30 美国3月失业率、3月季调后非农就业人口；
④22:00 美国3月全球供应链压力指数；
⑤23:25 美联储主席鲍威尔发表讲话；
⑥次日00:00 美联储理事巴尔发表讲话；
⑦次日00:45 美联储理事沃勒出席座谈会；
⑧次日01:00 美国至4月4日当周石油钻井总数。",周五（4月4日）重点关注财经事件和经济数据
2025-04-03 07:47:04,"【投资日历：周四资本市场大事提醒】
①今日暂无新股申购。
②商务部定于4月3日举行新闻发布会，介绍近期商务领域重点工作有关情况。
③第11届癌症免疫治疗大会（ITOC）将于4月3日至4月5日在德国慕尼黑召开。
④今日同仁堂、粤传媒、中科飞测等股将披露年报。
⑤今日有2185亿元7天期逆回购到期。
⑥今日将公布美国当周初请失业金人数等数据。",投资日历：周四资本市场大事提醒
2025-04-03 07:00:02,"【周四（4月3日）重点关注财经事件和经济数据】
①09:45 中国3月财新服务业PMI；
②14:30 瑞士3月CPI月率；
③15:50 法国3月服务业PMI终值；
④15:50 法国3月服务业PMI终值；
⑤15:55 德国3月服务业PMI终值；
⑥16:00 欧元区3月服务业PMI终值；
⑦16:30 英国3月服务业PMI终值；
⑧17:00 欧元区2月PPI月率；
⑨19:30 美国3月挑战者企业裁员人数；
⑩19:30 欧洲央行公布3月货币政策会议纪要；
⑪20:30 美国至3月29日当周初请失业金人数、2月贸易帐；
⑫21:45 美国3月标普全球服务业PMI终值；
⑬22:00 美国3月ISM非制造业PMI；
⑭22:30 美国至3月28日当周EIA天然气库存；
⑮次日00:30 美联储副主席杰斐逊发表讲话。",周四（4月3日）重点关注财经事件和经济数据
2025-04-02 15:18:28,【预告：商务部4月3日召开4月第1次例行新闻发布会】财联社4月2日电，商务部定于2025年4月3日(星期四)下午3时举行新闻发布会，新闻发言人介绍近期商务领域重点工作有关情况，并答记者问。,预告：商务部4月3日召开4月第1次例行新闻发布会
2025-04-02 07:45:00,"【投资日历：周三资本市场大事提醒】
①今日共有1只新股上市，为创业板的首航新能（301658）。
②国新办将于4月2日举行新闻发布会介绍健全社会信用体系有关情况。
③华工正源（HGGenuine）将于北京时间4月2日14:00在OFC2025展会上发布新一代CPO/NPO用ELSFP外置光源模块。
④火山引擎将于4月2日举办”AIoT 智变浪潮“活动。
⑤白宫：特朗普将于4月2日作出抉择并宣布相关关税政策的细节。
⑥国内成品油将开启新一轮调价窗口。
⑦今日贵州茅台、海天味业、中马传动等股将披露年报。
⑧今日有4554亿元7天期逆回购到期。
⑨今日将公布美国当周EIA原油库存等数据。",投资日历：周三资本市场大事提醒
2025-04-02 07:00:04,"【周三（4月2日）重点关注财经事件和经济数据】
①待定 国内成品油开启新一轮调价窗口；
②待定 美国总统特朗普宣布进口关税政策；
③20:15 美国3月ADP就业人数；
④22:00 美国2月工厂订单月率；
⑤22:30 美国至3月28日当周EIA原油库存、EIA战略石油储备库存；
⑥次日03:00 美国总统特朗普宣布对等关税细节；
⑦次日03:45 欧洲央行行长拉加德发表讲话；
⑧次日04:00 美国总统特朗普发表讲话；
⑨次日04:30 美联储理事库格勒发表讲话；
⑩次日06:00 澳洲联储主席布洛克出席听证会。",周三（4月2日）重点关注财经事件和经济数据
2025-04-01 07:47:01,"【投资日历：周二资本市场大事提醒】
①今日暂无新股申购。
②2025中国生成式AI大会北京站将于4月1日至2日举办。
③第50届光网络与通信研讨会及博览会(OFC) 将于4月1日至3日在美国旧金山举行。
④文心一言将于4月1日0时起全面免费，所有PC端和APP端用户均可体验其最新模型，包括超长文档处理、专业检索增强、高级AI绘画、多语种对话等功能。
⑤外汇交易中心：4月1日起，全额免除银行间人民币外汇市场2年期（含）以上期限的衍生品交易手续费。
⑥印度拟自今年4月1日起取消针对谷歌和Meta等科技公司的6%数字广告服务税。
⑦上海：对自2025年4月1日起建成的示范小区充电设备，给予充电企业设备投资30%的补贴。
⑧由360集团和中国信息通信研究院牵头研制的《车联网网络安全异常行为检测机制》”发布，将从4月1日起正式实施。
⑨香港证监会：2025年4月1日起，香港证监会将恢复向所有中介人及持牌人士征收牌照年费。
⑩《炼焦化学工业大气污染物排放标准》自2025年4月1日起实施。
⑪《北京市自动驾驶汽车条例》将于2025年4月1日施行。
⑫《公共安全视频图像信息系统管理条例》自2025年4月1日起施行。
⑬《水下助推机器人通用技术要求》4月1日起实施。
⑭会稽山：4月1日起公司部分重点产品提价。
⑮4月1日起，18项企业温室气体排放核算国家标准将正式实施。
⑯存储芯片厂商闪迪：4月1日开始对旗下产品实施涨价，整体涨幅将超过10%。
⑰科慕：自4月1日起，对在亚太地区售卖的所有等级的Ti-Pure™钛白粉产品进行提价，提价幅度为100美元/吨。
⑱章源钨业：因钴粉等材料价格上涨，从4月1日起，部分硬质合金及硬面材料产品按新价格执行。
⑲立邦装饰材料：4月1日起，对“专业时时丽内墙乳胶漆”进行价格调整，预计上调幅度为1%。
⑳日本Rapidus晶圆厂计划4月1日启动2nm制程试产。
㉑今日西部黄金、欧菲光、中国卫通等股将披露年报。
㉑今日有3779亿元7天期逆回购到期。
㉒今日将公布欧元区3月CPI等数据。",投资日历：周二资本市场大事提醒
2025-04-01 07:00:09,"【周二（4月1日）重点关注财经事件和经济数据】
①07:30 日本2月失业率；
②09:45 中国3月财新制造业PMI；
③11:30 澳洲联储公布利率决议；
④12:30 澳洲联储主席布洛克召开新闻发布会；
⑤14:00 英国3月Nationwide房价指数月率；
⑥15:50 法国3月制造业PMI终值；
⑦15:55 德国3月制造业PMI终值；
⑧16:00 欧元区3月制造业PMI终值；
⑨16:30 英国3月制造业PMI终值；
⑩17:00 欧元区3月CPI年率初值、3月CPI月率初值、2月失业率；
⑪20:30 欧洲央行行长拉加德发表讲话；
⑫21:00 美联储巴尔金发表讲话；
⑬21:45 美国3月标普全球制造业PMI终值；
⑭22:00 美国3月ISM制造业PMI、2月JOLTs职位空缺、2月营建支出月率；
⑮次日04:30 美国至3月28日当周API原油库存。",周二（4月1日）重点关注财经事件和经济数据
