code,name,src
TS0,鼠疫,ts
TS1,黑龙江自贸区,ts
TS2,黑洞概念,ts
TS3,黄金水道,ts
TS4,黄金概念,ts
TS5,黄光裕概念,ts
TS6,鸡尾酒,ts
TS7,魔兽概念,ts
TS8,高铁,ts
TS9,高送转预期,ts
TS10,高送转,ts
TS11,高考,ts
TS12,高端装备,ts
TS13,高校,ts
TS14,高性能膜,ts
TS15,高岭土概念,ts
TS16,骨传导,ts
TS17,驾驶培训,ts
TS18,首都副中心,ts
TS19,首发新股,ts
TS20,饲料,ts
TS21,食盐,ts
TS22,食用油,ts
TS23,食品安全,ts
TS24,飞机租赁,ts
TS25,风电,ts
TS26,风沙治理,ts
TS27,预警机,ts
TS28,页岩气,ts
TS29,音乐产业,ts
TS30,靶材,ts
TS31,面粉,ts
TS32,青蒿素,ts
TS33,青岛自贸区,ts
TS34,雷达,ts
TS35,集成电路概念,ts
TS36,雄安金融,ts
TS37,雄安软件,ts
TS38,雄安环保,ts
TS39,雄安基建,ts
TS40,雄安地热,ts
TS41,雄安地产,ts
TS42,雄安交通,ts
TS43,陶瓷电容,ts
TS44,陶瓷产品,ts
TS45,除雪概念,ts
TS46,陕西自贸区,ts
TS47,际华系,ts
TS48,阿里巴巴概念,ts
TS49,阿糖胞苷,ts
TS50,阿尔茨海默概念,ts
TS51,阅兵,ts
TS52,长江经济带,ts
TS53,长三角一体化,ts
TS54,镍氢电池,ts
TS55,锦纶,ts
TS56,锌电池,ts
TS57,锌,ts
TS58,锂电隔膜,ts
TS59,锂电设备,ts
TS60,锂电原料,ts
TS61,锂电制造,ts
TS62,银屑病,ts
TS63,铬铁,ts
TS64,铟,ts
TS65,铝电解电容,ts
TS66,铜冶炼,ts
TS67,铜,ts
TS68,铅,ts
TS69,铁路混改,ts
TS70,铁路基建,ts
TS71,铁矿石,ts
TS72,钼,ts
TS73,钴,ts
TS74,钨,ts
TS75,钢结构,ts
TS76,钠离子电池,ts
TS77,钛白粉,ts
TS78,钛,ts
TS79,钒电池,ts
TS80,钒涨价,ts
TS81,钌催化剂,ts
TS82,金融IC,ts
TS83,金改,ts
TS84,金控平台,ts
TS85,金属镍,ts
TS86,金属镁,ts
TS87,金属锰,ts
TS88,金属锑,ts
TS89,金刚石（线）,ts
TS90,量子计算,ts
TS91,量子科技,ts
TS92,重金属治理,ts
TS93,重庆自贸区,ts
TS94,重庆国资改革,ts
TS95,醋酸,ts
TS96,郭台铭概念,ts
TS97,避孕套,ts
TS98,遥感技术,ts
TS99,通用航空,ts
TS100,通信基站,ts
TS101,透明工厂,ts
TS102,送转填权,ts
TS103,迪士尼,ts
TS104,进口博览会,ts
TS105,辽宁国资改革,ts
TS106,边缘计算,ts
TS107,辅助生殖,ts
TS108,转融券标的,ts
TS109,转基因,ts
TS110,轨道交通,ts
TS111,车联网,ts
TS112,跨境电商,ts
TS113,足球概念,ts
TS114,超级高铁,ts
TS115,超级计算机,ts
TS116,超级真菌,ts
TS117,超级电容,ts
TS118,超级品牌,ts
TS119,超硬材料,ts
TS120,超清视频,ts
TS121,超材料概念,ts
TS122,超导,ts
TS123,赛马概念,ts
TS124,贸易战受益股,ts
TS125,贵州国资改革,ts
TS126,负极材料,ts
TS127,象牙加工销售,ts
TS128,谷歌概念,ts
TS129,调味品,ts
TS130,诺贝尔,ts
TS131,语音技术,ts
TS132,诚通系,ts
TS133,证金持股,ts
TS134,触摸屏,ts
TS135,覆铜板概念,ts
TS136,西部开发,ts
TS137,西藏国资改革,ts
TS138,西气东输,ts
TS139,西安自贸区,ts
TS140,裸眼3D,ts
TS141,装配式建筑,ts
TS142,血液制品,ts
TS143,融资融券,ts
TS144,融资租赁,ts
TS145,融资标的股,ts
TS146,融媒体,ts
TS147,融券标的股,ts
TS148,蚂蚁金服概念,ts
TS149,虹膜识别,ts
TS150,虚拟运营商,ts
TS151,虚拟机器人,ts
TS152,藏药,ts
TS153,蔚来汽车概念,ts
TS154,蓝宝石,ts
TS155,萤石,ts
TS156,药品信息化追溯,ts
TS157,草甘膦,ts
TS158,草地贪夜蛾防治,ts
TS159,苹果概念,ts
TS160,芬太尼,ts
TS161,节能电机,ts
TS162,节能环保,ts
TS163,节能照明,ts
TS164,节能减排,ts
TS165,节水灌溉,ts
TS166,航运港口,ts
TS167,航运概念,ts
TS168,航空航天,ts
TS169,航空租赁,ts
TS170,航空发动机,ts
TS171,航天系,ts
TS172,航天军工,ts
TS173,舟山自贸区,ts
TS174,舟山新区,ts
TS175,致密气,ts
TS176,自由贸易港,ts
TS177,膜材料,ts
TS178,腾讯音乐概念,ts
TS179,腾讯概念,ts
TS180,脱硫脱硝,ts
TS181,脑科学,ts
TS182,能源互联网,ts
TS183,胶原蛋白,ts
TS184,胰岛素,ts
TS185,胎压监测,ts
TS186,股权转让,ts
TS187,肝素,ts
TS188,聚碳酸酯,ts
TS189,聚氯乙烯,ts
TS190,聚土地概念,ts
TS191,聚丙烯,ts
TS192,联通混改,ts
TS193,联想概念,ts
TS194,职业教育,ts
TS195,老龄化,ts
TS196,老字号,ts
TS197,美团概念股,ts
TS198,美丽中国,ts
TS199,网络视频,ts
TS200,网络直播,ts
TS201,网络游戏,ts
TS202,网络安全,ts
TS203,网络媒体,ts
TS204,网络切片,ts
TS205,网约车,ts
TS206,网红经济,ts
TS207,网易概念,ts
TS208,绿色消费,ts
TS209,绿色建筑,ts
TS210,维稳,ts
TS211,维生素,ts
TS212,细胞运输膜融合,ts
TS213,细胞免疫治疗,ts
TS214,纳米纸,ts
TS215,纳米,ts
TS216,纤维板,ts
TS217,红枣,ts
TS218,紫光系,ts
TS219,精装修,ts
TS220,粤港澳大湾区,ts
TS221,粘胶短纤,ts
TS222,粗苯,ts
TS223,第三代半导体,ts
TS224,空铁WIFI,ts
TS225,空气净化,ts
TS226,稀缺资源,ts
TS227,稀有金属,ts
TS228,稀土永磁,ts
TS229,稀土整合,ts
TS230,移动金融,ts
TS231,移动支付,ts
TS232,移动pos机,ts
TS233,秸秆综合利用,ts
TS234,租售同权,ts
TS235,科技保险,ts
TS236,科创次新股,ts
TS237,私人飞机,ts
TS238,禽流感,ts
TS239,福建自贸区,ts
TS240,票交所,ts
TS241,社区团购,ts
TS242,磷酸铁锂,ts
TS243,磷酸一铵,ts
TS244,磷化工,ts
TS245,磁悬浮,ts
TS246,碳纳米管,ts
TS247,碳纤维,ts
TS248,碳化硅,ts
TS249,碳交易,ts
TS250,硫酸铵,ts
TS251,硫酸钾,ts
TS252,硝酸钠,ts
TS253,硝酸,ts
TS254,硅晶圆,ts
TS255,砷化镓,ts
TS256,石墨电极,ts
TS257,石墨烯手机,ts
TS258,石墨烯,ts
TS259,知识产权保护,ts
TS260,眼科医疗,ts
TS261,盲盒,ts
TS262,盐酸,ts
TS263,盐湖提锂,ts
TS264,百草枯,ts
TS265,百度概念,ts
TS266,白马爆雷,ts
TS267,白酒概念,ts
TS268,白糖,ts
TS269,白炭黑,ts
TS270,白卡纸,ts
TS271,登革热,ts
TS272,疫苗存储,ts
TS273,疟疾,ts
TS274,电阻,ts
TS275,电解锰,ts
TS276,电解液,ts
TS277,电石,ts
TS278,电梯概念,ts
TS279,电机电控,ts
TS280,电子车牌,ts
TS281,电子竞技,ts
TS282,电子烟,ts
TS283,电子标签,ts
TS284,电子政务,ts
TS285,电子商务,ts
TS286,电子发票,ts
TS287,电动汽车租赁,ts
TS288,电力物联网,ts
TS289,电力改革,ts
TS290,电信业整合,ts
TS291,甲醛,ts
TS292,甲醇,ts
TS293,甲酸,ts
TS294,甲苯,ts
TS295,生物质能,ts
TS296,生物疫苗,ts
TS297,生物安全,ts
TS298,生物医药,ts
TS299,生态农业,ts
TS300,甘肃国资改革,ts
TS301,理想汽车概念,ts
TS302,珠港澳物流合作园,ts
TS303,珠海国资改革,ts
TS304,珠海主题公园,ts
TS305,玻璃纤维,ts
TS306,玻璃,ts
TS307,环球主题公园,ts
TS308,环氧树脂,ts
TS309,环氧丙烷,ts
TS310,环保包装,ts
TS311,王者荣耀,ts
TS312,王亚伟持股,ts
TS313,玉米,ts
TS314,猪肉,ts
TS315,猪瘟疫情,ts
TS316,独角兽概念,ts
TS317,特高压,ts
TS318,特钢概念,ts
TS319,特色小镇,ts
TS320,特种玻璃,ts
TS321,特朗普访华,ts
TS322,特斯拉,ts
TS323,物联网感知层,ts
TS324,物联网应用层,ts
TS325,物联网平台层,ts
TS326,物联网传输层,ts
TS327,物流电商平台,ts
TS328,物业管理,ts
TS329,牛羊肉,ts
TS330,燃料电池,ts
TS331,燃料乙醇,ts
TS332,煤炭概念,ts
TS333,煤层气,ts
TS334,煤化工,ts
TS335,焦虑症,ts
TS336,焦煤,ts
TS337,烧碱,ts
TS338,烟草,ts
TS339,炭黑,ts
TS340,炭素,ts
TS341,炭疽,ts
TS342,灾备存储,ts
TS343,激光器,ts
TS344,激光,ts
TS345,澳交所概念,ts
TS346,潮汐发电,ts
TS347,潜水运动,ts
TS348,滴滴概念股,ts
TS349,湖南自贸区,ts
TS350,湖南国资改革,ts
TS351,湖北国资改革,ts
TS352,游轮,ts
TS353,游艇,ts
TS354,深股通,ts
TS355,深圳国资改革,ts
TS356,液氯,ts
TS357,液态金属,ts
TS358,液化气,ts
TS359,涤纶,ts
TS360,涉矾,ts
TS361,消防装备,ts
TS362,消费金融,ts
TS363,消费电子,ts
TS364,消毒剂,ts
TS365,海航系,ts
TS366,海绵城市,ts
TS367,海洋经济,ts
TS368,海水淡化,ts
TS369,海底捞概念,ts
TS370,海工装备,ts
TS371,海峡西岸,ts
TS372,海南自贸区,ts
TS373,海南旅游岛,ts
TS374,海上风电,ts
TS375,浙江国资改革,ts
TS376,流感,ts
TS377,流媒体,ts
TS378,活性炭,ts
TS379,注册制次新股,ts
TS380,油页岩,ts
TS381,油气运输仓储,ts
TS382,油气装备,ts
TS383,油气管网,ts
TS384,油气开采,ts
TS385,油改气,ts
TS386,油品改革,ts
TS387,油品升级,ts
TS388,油价下调,ts
TS389,油价上调,ts
TS390,河南自贸区,ts
TS391,河南国资改革,ts
TS392,沪股通,ts
TS393,沪台通,ts
TS394,沪伦通概念,ts
TS395,沥青,ts
TS396,汽车电子,ts
TS397,汽车拆解概念,ts
TS398,汽车制造概念,ts
TS399,汽车关税下调,ts
TS400,污水处理,ts
TS401,江苏国资改革,ts
TS402,永磁高铁,ts
TS403,水泥,ts
TS404,水域改革,ts
TS405,水利,ts
TS406,水价改革,ts
TS407,氮化镓,ts
TS408,氨纶,ts
TS409,氧化铝,ts
TS410,氢能源,ts
TS411,氢氟酸,ts
TS412,氟化工,ts
TS413,气凝胶,ts
TS414,民营医院,ts
TS415,民用无人机,ts
TS416,殡仪服务,ts
TS417,武汉自贸区,ts
TS418,正极材料,ts
TS419,正定新区,ts
TS420,正丁醇,ts
TS421,橡胶,ts
TS422,横琴新区,ts
TS423,棉花种植,ts
TS424,核电,ts
TS425,核准制次新股,ts
TS426,标普道琼斯A股,ts
TS427,柴油发电,ts
TS428,柔性屏,ts
TS429,染料,ts
TS430,林场改革,ts
TS431,板蓝根,ts
TS432,杭州湾大湾区,ts
TS433,杭州亚运会,ts
TS434,村镇银行,ts
TS435,机械装备,ts
TS436,机构重仓,ts
TS437,机床制造,ts
TS438,机器视觉,ts
TS439,机器学习,ts
TS440,机器人材料,ts
TS441,期货概念,ts
TS442,服务机器人,ts
TS443,有机硅,ts
TS444,有声读物,ts
TS445,智能音箱,ts
TS446,智能金融,ts
TS447,智能表,ts
TS448,智能穿戴,ts
TS449,智能眼镜,ts
TS450,智能电视,ts
TS451,智能电网,ts
TS452,智能物流,ts
TS453,智能汽车,ts
TS454,智能手表,ts
TS455,智能建筑,ts
TS456,智能家居,ts
TS457,智能医疗,ts
TS458,智能交通,ts
TS459,智慧政务,ts
TS460,智慧城市,ts
TS461,智慧党建,ts
TS462,智慧停车,ts
TS463,显卡,ts
TS464,春节概念,ts
TS465,明星参股概念,ts
TS466,无线耳机,ts
TS467,无线充电,ts
TS468,无感支付,ts
TS469,无人驾驶,ts
TS470,无人零售,ts
TS471,无人银行,ts
TS472,旅游,ts
TS473,新能源物流车,ts
TS474,新能源整车,ts
TS475,新能源,ts
TS476,新股与次新股,ts
TS477,新疆自贸区,ts
TS478,新疆振兴,ts
TS479,新疆建设兵团,ts
TS480,新版人民币,ts
TS481,新材料概念,ts
TS482,新基建,ts
TS483,新型城镇化,ts
TS484,新冠检测,ts
TS485,新兴板概念,ts
TS486,新三板精选层概念,ts
TS487,数据存储,ts
TS488,数据中心,ts
TS489,数字阅读,ts
TS490,数字货币,ts
TS491,数字视觉,ts
TS492,数字营销,ts
TS493,数字孪生,ts
TS494,数字乡村,ts
TS495,数字中国,ts
TS496,摘帽,ts
TS497,搜索引擎,ts
TS498,排水,ts
TS499,换芯,ts
TS500,振兴东北,ts
TS501,挖矿设备,ts
TS502,挖掘机,ts
TS503,指纹支付,ts
TS504,指纹技术,ts
TS505,拼多多概念,ts
TS506,抗辐射药,ts
TS507,抗艾滋病,ts
TS508,抗肿瘤,ts
TS509,抗癌,ts
TS510,抖音小店,ts
TS511,手足口病,ts
TS512,手机游戏,ts
TS513,手势识别,ts
TS514,成渝特区,ts
TS515,成泉资本持股,ts
TS516,感知氧气,ts
TS517,情人节,ts
TS518,恒大概念,ts
TS519,态势感知,ts
TS520,快递,ts
TS521,快手概念,ts
TS522,心脏支架,ts
TS523,微信概念,ts
TS524,微信小程序,ts
TS525,徐翔概念股,ts
TS526,征信,ts
TS527,影视娱乐,ts
TS528,建筑节能,ts
TS529,建筑涂料,ts
TS530,废气处理,ts
TS531,废品回收,ts
TS532,广播电视,ts
TS533,广告营销,ts
TS534,广东自贸区,ts
TS535,广东国资改革,ts
TS536,幼儿教育,ts
TS537,年报预增,ts
TS538,平面媒体,ts
TS539,平安资管持股,ts
TS540,干细胞,ts
TS541,己二酸,ts
TS542,工程建材,ts
TS543,工业机器人,ts
TS544,工业大麻,ts
TS545,工业互联网,ts
TS546,工业4.0,ts
TS547,山西国资改革,ts
TS548,山东国资改革,ts
TS549,屏下指纹技术,ts
TS550,尿素,ts
TS551,尾气治理,ts
TS552,小鹏汽车概念,ts
TS553,小额贷款,ts
TS554,小米概念,ts
TS555,小猪佩奇,ts
TS556,寨卡病毒概念,ts
TS557,寒武纪概念,ts
TS558,富士康概念,ts
TS559,富勒烯,ts
TS560,密码安全管理,ts
TS561,宽带中国,ts
TS562,家用电器,ts
TS563,家庭农场,ts
TS564,室外经济,ts
TS565,宠物经济,ts
TS566,宝马概念,ts
TS567,宝能系,ts
TS568,安防,ts
TS569,安徽自贸区,ts
TS570,安徽国资改革,ts
TS571,宁德时代概念,ts
TS572,存储芯片,ts
TS573,嫦娥概念,ts
TS574,奥运会,ts
TS575,太阳能,ts
TS576,太赫兹,ts
TS577,太空望远镜,ts
TS578,天然气管道,ts
TS579,天然气,ts
TS580,天津自贸区,ts
TS581,天津国资改革,ts
TS582,大飞机,ts
TS583,大连自贸区,ts
TS584,大豆,ts
TS585,大疆创新概念,ts
TS586,大消费,ts
TS587,大数据,ts
TS588,大国重器标的,ts
TS589,大上海,ts
TS590,多肽药,ts
TS591,多晶硅,ts
TS592,外资券商影子股,ts
TS593,外汇局持股,ts
TS594,壳资源,ts
TS595,增碳剂,ts
TS596,增强现实,ts
TS597,塑料钞票,ts
TS598,塑化剂,ts
TS599,基建工程,ts
TS600,基因芯片,ts
TS601,基因疗法,ts
TS602,基因测序,ts
TS603,埃博拉概念,ts
TS604,垃圾发电,ts
TS605,垃圾分类,ts
TS606,地震,ts
TS607,地理信息,ts
TS608,地热能,ts
TS609,地方国资改革,ts
TS610,地下管网,ts
TS611,在线旅游,ts
TS612,在线教育,ts
TS613,土壤修复,ts
TS614,土地流转,ts
TS615,图像识别,ts
TS616,国际板,ts
TS617,国资驰援,ts
TS618,国改双百行动,ts
TS619,国投系,ts
TS620,国家大基金持股,ts
TS621,国六标准、国六排放、国六,ts
TS622,国产软件,ts
TS623,国产航母,ts
TS624,国产替代,ts
TS625,国产操作系统,ts
TS626,国产伟哥,ts
TS627,固态硬盘,ts
TS628,固态电池,ts
TS629,固废处理,ts
TS630,园林开发,ts
TS631,四川国资改革,ts
TS632,啤酒概念,ts
TS633,商超百货,ts
TS634,商誉减值,ts
TS635,商汤科技概念,ts
TS636,商品新零售,ts
TS637,哮喘,ts
TS638,含B股,ts
TS640,吉林国资改革,ts
TS641,合同能源管理,ts
TS642,史玉柱概念,ts
TS643,台湾概念股,ts
TS644,可降解塑料,ts
TS645,可燃冰,ts
TS646,口罩,ts
TS647,反恐,ts
TS648,双氧水,ts
TS649,双十一,ts
TS650,参股银行,ts
TS651,参股民营银行,ts
TS652,参股新股,ts
TS653,参股新三板,ts
TS654,参股安世半导体,ts
TS655,参股券商,ts
TS656,参股保险,ts
TS657,参股万达商业,ts
TS658,去IOE,ts
TS659,厚朴系,ts
TS660,厄尔尼诺概念,ts
TS661,危废处理,ts
TS662,卫星导航,ts
TS663,博彩,ts
TS664,南京国资改革,ts
TS665,单抗,ts
TS666,华为海思概念股,ts
TS667,华为汽车,ts
TS668,华为概念,ts
TS669,医药电商,ts
TS670,医药安全,ts
TS671,医美概念,ts
TS672,医疗机器人,ts
TS673,医疗废物处理,ts
TS674,医疗器械概念,ts
TS675,医学影像,ts
TS676,医保目录,ts
TS677,区块链底层,ts
TS678,区块链应用,ts
TS679,区块链储备,ts
TS680,北部湾自贸区,ts
TS681,北汽新能源,ts
TS682,北京国资改革,ts
TS683,化肥,ts
TS684,化妆护肤品,ts
TS685,动物疫苗,ts
TS686,动漫,ts
TS687,动力电池回收,ts
TS688,制冷剂,ts
TS689,创新药,ts
TS690,创投,ts
TS691,创业板重组松绑,ts
TS692,分拆上市意愿,ts
TS693,分子诊断,ts
TS694,冷链物流,ts
TS695,冰雪产业,ts
TS696,冬虫夏草,ts
TS697,冬奥会,ts
TS698,农村金融,ts
TS699,农村电商,ts
TS700,农村环境治理,ts
TS701,农机,ts
TS702,农垦改革,ts
TS703,农信社改革,ts
TS704,农业种植,ts
TS705,农业供给侧改革,ts
TS706,军用机器人,ts
TS707,军用无人机,ts
TS708,军民融合,ts
TS709,军工,ts
TS710,再生金属,ts
TS711,内存,ts
TS712,兽药,ts
TS713,养鸡,ts
TS714,养老金持股,ts
TS715,养老概念,ts
TS716,养老地产,ts
TS717,共享汽车,ts
TS718,共享单车,ts
TS719,共享医院,ts
TS720,共享办公,ts
TS721,兰州自贸区,ts
TS722,公路建设,ts
TS723,全面屏,ts
TS724,全运会,ts
TS725,全息手机,ts
TS726,全屋定制,ts
TS727,兜底增持,ts
TS728,免税店,ts
TS729,光纤,ts
TS730,光刻胶,ts
TS731,光伏玻璃,ts
TS732,光伏概念,ts
TS733,充电桩,ts
TS734,元器件,ts
TS735,儿童消费品,ts
TS736,儿童医药医疗,ts
TS737,储能,ts
TS738,健康中国,ts
TS739,债转股,ts
TS740,信托概念,ts
TS741,保健品,ts
TS742,便利店,ts
TS743,供销社,ts
TS744,供气,ts
TS745,供应链金融,ts
TS746,佛山金改,ts
TS747,体育用品,ts
TS748,体感交互,ts
TS749,体外诊断,ts
TS750,住房租赁,ts
TS751,传感器,ts
TS752,优先股概念,ts
TS753,休闲零食,ts
TS754,仿制药一致性评价,ts
TS755,仿制药,ts
TS756,仪电仪表,ts
TS757,以纸代塑概念,ts
TS758,代糖概念,ts
TS759,今日头条概念,ts
TS760,人造肉,ts
TS761,人造太阳,ts
TS762,人脸识别,ts
TS763,人脑工程,ts
TS764,人民币防伪,ts
TS765,人民币贬值受益,ts
TS766,人民币升值,ts
TS767,人机交互,ts
TS768,人工降雨,ts
TS769,人参,ts
TS770,京津冀一体化,ts
TS771,京东金融概念,ts
TS772,京东概念,ts
TS773,交通一卡通,ts
TS774,互联网银行,ts
TS775,互联网钢铁,ts
TS776,互联网金融,ts
TS777,互联网电力,ts
TS778,互联网期货,ts
TS779,互联网彩票,ts
TS780,互联网医疗,ts
TS781,互联网券商,ts
TS782,互联网保险,ts
TS783,互联网,ts
TS784,云通信,ts
TS785,云计算,ts
TS786,云游戏,ts
TS787,云印刷,ts
TS788,云南国资改革,ts
TS789,云办公,ts
TS790,二胎概念,ts
TS791,二维码识别,ts
TS792,二甲醚,ts
TS793,二手车,ts
TS794,乳粉,ts
TS795,乳业,ts
TS796,乙肝治疗,ts
TS797,乙烯,ts
TS798,乙二醇,ts
TS799,举牌,ts
TS800,中韩自贸区,ts
TS801,中非合作,ts
TS802,中铁系,ts
TS803,中远系,ts
TS804,中芯国际概念,ts
TS805,中船系,ts
TS806,中航系,ts
TS807,中粮系,ts
TS808,中科院系,ts
TS809,中澳自贸区,ts
TS810,中概股回归,ts
TS811,中材系,ts
TS812,中德合作,ts
TS813,中巴经济走廊,ts
TS814,中字头股票,ts
TS815,中央政务区,ts
TS816,中国电科系,ts
TS817,中医药,ts
TS818,中兵系,ts
TS819,中俄自贸区,ts
TS820,中以自贸区,ts
TS821,两桶油改革,ts
TS822,东盟自贸区,ts
TS823,东盟北部湾,ts
TS824,东湖高新园区,ts
TS825,丙烯酸,ts
TS826,世界杯,ts
TS827,专网通信,ts
TS828,上海自贸区,ts
TS829,上海国资改革,ts
TS830,三网融合,ts
TS831,三氯甲烷,ts
TS832,三星,ts
TS833,丁二烯,ts
TS834,一号文件,ts
TS835,VPN,ts
TS836,TOF镜头,ts
TS837,TMT,ts
TS838,TDI,ts
TS839,ST板块,ts
TS840,SNS概念,ts
TS841,SAAS,ts
TS842,REITs,ts
TS843,RCS富媒体通信,ts
TS844,PVC,ts
TS845,PTA,ts
TS846,PPP概念,ts
TS847,PM2.5,ts
TS848,PA66,ts
TS849,P2P概念,ts
TS850,OLED面板,ts
TS851,OLED设备制造,ts
TS852,OLED芯片,ts
TS853,OLED材料,ts
TS854,OLED显示模组,ts
TS855,NMN概念,ts
TS856,NFC,ts
TS857,MiniLED,ts
TS858,MTBE,ts
TS859,MSCI预期,ts
TS860,MSCI概念,ts
TS861,MDI,ts
TS862,MCU,ts
TS863,LNG加气站,ts
TS864,K12教育,ts
TS865,IP概念,ts
TS866,IPV6,ts
TS867,IGBT,ts
TS868,HPV疫苗,ts
TS869,HIT电池,ts
TS870,GPU,ts
TS871,Facebook概念,ts
TS872,ETC,ts
TS873,EDA,ts
TS874,C2M概念,ts
TS875,ATM机,ts
TS876,AI芯片,ts
TS877,4D打印,ts
TS878,3D玻璃,ts
TS879,3D打印,ts
